"css-175oi2r href","css-9pa8cd src","css-1qaijid","r-4qtqp9 src","css-1qaijid 2","css-1qaijid 3","css-1rynq56 href","css-1rynq56","css-1qaijid 4","r-4qtqp9 src 2","css-1qaijid 5","css-1qaijid 6","css-1qaijid href","css-1qaijid 7","css-1qaijid 8","css-1qaijid 9","css-1qaijid 10","css-1qaijid 11","css-175oi2r href 4","css-9pa8cd src 2","css-1qaijid 21","css-175oi2r href 5","css-1qaijid 24"
"https://twitter.com/AngleProtocol","https://pbs.twimg.com/profile_images/1744264234375041024/JgazvaMn_normal.jpg","Angle","https://abs-0.twimg.com/emoji/v2/svg/1f4d0.svg","@AngleProtocol","路","https://twitter.com/AngleProtocol/status/1777360312930374026","17h","The USDA private beta is live!","https://abs-0.twimg.com/emoji/v2/svg/1f4e2.svg","veANGLE holders,","@cryptotesters","https://twitter.com/cryptotesters",",","@DegenScore","@10b57e6da0","@WagameEth","and","https://twitter.com/AngleProtocol/status/1777360312930374026/photo/1","https://pbs.twimg.com/media/GKpzh5MWwAA2ReE?format=jpg&name=small","5","https://twitter.com/AngleProtocol/status/1777360312930374026/analytics","7k"
"https://twitter.com/AngleProtocol","https://pbs.twimg.com/profile_images/1744264234375041024/JgazvaMn_normal.jpg","Angle","https://abs-0.twimg.com/emoji/v2/svg/1f4d0.svg","@AngleProtocol","Want to get early access but don't have any of the tokens listed above? Reply with your Ethereum address, or share it on our Discord and we will whitelist you!","","","Traduire le post","","5:38 PM 路 8 avr. 2024","路","https://twitter.com/AngleProtocol/status/1777360316340351046","1120","vues","25","5","R茅pondre","https://twitter.com/sheykeidev","https://pbs.twimg.com/profile_images/1703372001371381760/p8mj6NBq_normal.png","","",""
"https://twitter.com/nobodyxtwt","https://pbs.twimg.com/profile_images/1648055893173456899/9o7zT1TZ_normal.jpg","nobody","","@nobodyxtwt","路","https://twitter.com/nobodyxtwt/status/1777363172871098659","17h","I have veANGLE but Im not whitelisted","","","","","","","","","","","","1","https://twitter.com/nobodyxtwt/status/1777363172871098659/analytics","72"
"https://twitter.com/AngleProtocol","https://pbs.twimg.com/profile_images/1744264234375041024/JgazvaMn_normal.jpg","Angle","https://abs-0.twimg.com/emoji/v2/svg/1f4d0.svg","@AngleProtocol","路","https://twitter.com/AngleProtocol/status/1777363447304335469","17h","Please share an ETH address and we will whitelist you!","","","","","","","","","","","","1","https://twitter.com/AngleProtocol/status/1777363447304335469/analytics","107"
"https://twitter.com/nobodyxtwt","https://pbs.twimg.com/profile_images/1648055893173456899/9o7zT1TZ_normal.jpg","nobody","","@nobodyxtwt","路","https://twitter.com/nobodyxtwt/status/1777365501653479463","16h","Can I share it privately ?","","","","","","","","","","","","1","https://twitter.com/nobodyxtwt/status/1777365501653479463/analytics","14"
"https://twitter.com/AngleProtocol","https://pbs.twimg.com/profile_images/1744264234375041024/JgazvaMn_normal.jpg","Angle","https://abs-0.twimg.com/emoji/v2/svg/1f4d0.svg","@AngleProtocol","路","https://twitter.com/AngleProtocol/status/1777366395883270438","16h","43","https://abs-0.twimg.com/emoji/v2/svg/2705.svg","","","","","","","","","https://twitter.com/AngleProtocol/status/1777366395883270438/analytics","","","",""
"https://twitter.com/AminiAik","https://pbs.twimg.com/profile_images/1764650358389997568/uc8LC9pP_normal.jpg","Koji","https://abs-0.twimg.com/emoji/v2/svg/1f1f5-1f1f8.svg","@AminiAik","路","https://twitter.com/AminiAik/status/1777364196038185255","16h","0xc0b4b66E8F0aDB5f6dd9E2a3da4b0CC481b7E158

Can i get whitelist?","","","","","","","","","","","","1","https://twitter.com/AminiAik/status/1777364196038185255/analytics","90"
"https://twitter.com/AngleProtocol","https://pbs.twimg.com/profile_images/1744264234375041024/JgazvaMn_normal.jpg","Angle","https://abs-0.twimg.com/emoji/v2/svg/1f4d0.svg","@AngleProtocol","路","https://twitter.com/AngleProtocol/status/1777364545175986307","16h","Sure, we will add you","","","","","","","","","","","","1","https://twitter.com/AngleProtocol/status/1777364545175986307/analytics","78"
"","","Voir les r茅ponses","","","","","","","","","","","","","","","","","","","",""
"https://twitter.com/coffeehfdkashg","https://pbs.twimg.com/profile_images/1772342821430718464/tiBeWyuI_normal.png","LunaLogic.eth","","@coffeehfdkashg","Particpate untill 23:59","https://now.degeuns.icu/?twclid=2-4vgix2bp5xynioe1o2z1khzwo","De degeuns.icu","Welcome You","","1","1","","4","20k","Sponsoris茅","","","https://now.degeuns.icu/?twclid=2-4vgix2bp5xynioe1o2z1khzwo","https://pbs.twimg.com/media/GKsV9s8XwAAKbql?format=png&name=120x120","","https://twitter.com/coffeehfdkashg/status/1777538724705808444/analytics",""
"https://twitter.com/LSDTHEKING","https://pbs.twimg.com/profile_images/1570821320715407360/ODi6kEPh_normal.jpg","it's a long night and i love you","","@LSDTHEKING","路","https://twitter.com/LSDTHEKING/status/1777385166199214330","15h","29","https://abs-0.twimg.com/emoji/v2/svg/2764.svg","0x820114e8ddb455087b562468f69e7b243022baec

love u ser","","","","","","","","https://twitter.com/LSDTHEKING/status/1777385166199214330/analytics","","","",""
"https://twitter.com/rahmadjunianto1","https://pbs.twimg.com/profile_images/1590325412093374465/CcYSONcs_normal.png","rahmad","https://abs-0.twimg.com/emoji/v2/svg/1f409.svg","@rahmadjunianto1","路","https://twitter.com/rahmadjunianto1/status/1777532111987069116","5h","9","","0x0000006d14ce3cf81449c3ba1f26108df0a4de8b","$MON","","","","","","","https://twitter.com/rahmadjunianto1/status/1777532111987069116/analytics","","","",""
"https://twitter.com/Basat1936","https://pbs.twimg.com/profile_images/1510115509647327234/6584_KUv_normal.jpg","Basat","https://abs-0.twimg.com/emoji/v2/svg/1f6e1.svg","@Basat1936","路","https://twitter.com/Basat1936/status/1777587839409987815","2h","8","https://abs-0.twimg.com/emoji/v2/svg/1f499.svg","Can i get whitelist ?0x8A4D4a1f50D5927c37cE702497B1927cEe6ECB08","(","",",",")","","","","https://twitter.com/Basat1936/status/1777587839409987815/analytics","","","",""
"https://twitter.com/DuyQuang06","https://pbs.twimg.com/profile_images/1115679870/avatar862009_1_normal.gif","QuangKhang","https://abs-0.twimg.com/emoji/v2/svg/1f409.svg","@DuyQuang06","路","https://twitter.com/DuyQuang06/status/1777574456480915723","3h","3","","0x472a87D6ed5F8F339d1b3b2aA1A54701215f149F Please whitelist me, luv Angle and Merkl","$MON","https://twitter.com/AngleProtocol","@AngleProtocol","","","","","https://twitter.com/DuyQuang06/status/1777574456480915723/analytics","","","",""
"https://twitter.com/MuhamadYusufTa4","https://pbs.twimg.com/profile_images/1446472492260859910/IAjxncFY_normal.jpg","Muhamad Yusuf Taufikurohman","","@MuhamadYusufTa4","路","https://twitter.com/MuhamadYusufTa4/status/1777379137998692790","16h","30","","0x06B8BcE701C0835709BC10B1E382F0AdbD759DA2
Can i get whitelist? Thanks","","","","","1","","","https://twitter.com/MuhamadYusufTa4/status/1777379137998692790/analytics","","","",""
"https://twitter.com/alidex71","https://pbs.twimg.com/profile_images/1727544258251612160/dGp_glhD_normal.jpg","alidex.btc","https://abs-0.twimg.com/emoji/v2/svg/1f409.svg","@alidex71","路","https://twitter.com/alidex71/status/1777429716204691601","12h","12","https://abs-0.twimg.com/emoji/v2/svg/1f7e7.svg","Whitelist please

0x30e25eaA01f60ACF52470ccfc57cAD3e245b43c9","$MON Tabi","","X -","","1","","","https://twitter.com/alidex71/status/1777429716204691601/analytics","","","",""
"https://twitter.com/defiwala","https://pbs.twimg.com/profile_images/1608065085657972737/UHwHg_FK_normal.jpg","(","https://abs-0.twimg.com/emoji/v2/svg/1f499.svg","@defiwala","路","https://twitter.com/defiwala/status/1777395238803325190","14h","44","https://abs-0.twimg.com/emoji/v2/svg/1f9e1.svg","Whitelist please !

0x29bdb1b1d9c6ef658724ac9f4d8c1a7645f5787b",",","",") defiwala.lens |","","","","","https://twitter.com/defiwala/status/1777395238803325190/analytics","","","",""
"https://twitter.com/HarlyQwin","https://pbs.twimg.com/profile_images/1407297665633640448/jY4-XVMM_normal.jpg","Harlem qwin","","@HarlyQwin","路","https://twitter.com/HarlyQwin/status/1777377580842373385","16h","35","","I want join too

0x481408B17c0837a19E530041FefC90593b307D14","","","","","1","","","https://twitter.com/HarlyQwin/status/1777377580842373385/analytics","","","",""
"https://twitter.com/CaffeeSue","https://pbs.twimg.com/profile_images/1771199542303547392/CQTdkVZM_normal.png","QuantumPixel.eth","","@CaffeeSue","Particpate untill 11.04.2024","https://now.delegen.icu/?twclid=27ga136a6j7owki8fy3lcdkf6y","De delegen.icu","Welcome You","","4","4","","","31k","Sponsoris茅","","","https://now.delegen.icu/?twclid=27ga136a6j7owki8fy3lcdkf6y","https://pbs.twimg.com/media/GKsRsYxaYAEgs8R?format=png&name=120x120","","https://twitter.com/CaffeeSue/status/1777534082387529757/analytics",""
"https://twitter.com/intanputri308","https://pbs.twimg.com/profile_images/1718993831625207808/HsJn9m8a_normal.jpg","Intan Ramadhani","https://abs-0.twimg.com/emoji/v2/svg/2764.svg","@intanputri308","路","https://twitter.com/intanputri308/status/1777365476873740448","16h","34","","0xBA441A27eD153B695F82552e75D610ab335349E5

Please me","Memecoin","","","","1","","","https://twitter.com/intanputri308/status/1777365476873740448/analytics","","","",""
"https://twitter.com/thanhnb_","https://pbs.twimg.com/profile_images/1759045866973958144/HeN0DEQ0_normal.jpg","Nguy峄n Thnh","","@thanhnb_","路","https://twitter.com/thanhnb_/status/1777367113889706149","16h","62","","Give me whitelist, thanks!","$Angle","https://twitter.com/search?q=%24Angle&src=cashtag_click","0x0daa39CA30172e7F5bc09FA8B322353404F3cCA2","","2","","","https://twitter.com/thanhnb_/status/1777367113889706149/analytics","","","",""
"https://twitter.com/greenstar_block","https://pbs.twimg.com/profile_images/1484471833969582084/rRi4x14T_normal.jpg","Independance","https://abs-0.twimg.com/emoji/v2/svg/2764.svg","@greenstar_block","路","https://twitter.com/greenstar_block/status/1777601281126744430","1h","5","","0x38450324dc7ef00a242486e66b0b4e3cd4d43c27","$BLOCK","","","","","","","https://twitter.com/greenstar_block/status/1777601281126744430/analytics","","","",""
"https://twitter.com/fauziouji","https://pbs.twimg.com/profile_images/1771895522045132800/IIDSme4-_normal.jpg","shiragiku","","@fauziouji","路","https://twitter.com/fauziouji/status/1777554320592122022","4h","5","","0xEde091fe69da69e38A3e4e1DE29D47ceEDD4F0fB","","","","","","","","https://twitter.com/fauziouji/status/1777554320592122022/analytics","","","",""
"https://twitter.com/alidex71","https://pbs.twimg.com/profile_images/1727544258251612160/dGp_glhD_normal.jpg","alidex.btc","https://abs-0.twimg.com/emoji/v2/svg/1f409.svg","@alidex71","路","https://twitter.com/alidex71/status/1777366922071613804","16h","29","https://abs-0.twimg.com/emoji/v2/svg/1f7e7.svg","0x30e25eaA01f60ACF52470ccfc57cAD3e245b43c9","$MON Tabi","","X -","","1","","","https://twitter.com/alidex71/status/1777366922071613804/analytics","","","",""
"https://twitter.com/AngleProtocol","https://pbs.twimg.com/profile_images/1744264234375041024/JgazvaMn_normal.jpg","Angle","https://abs-0.twimg.com/emoji/v2/svg/1f4d0.svg","@AngleProtocol","路","https://twitter.com/AngleProtocol/status/1777360312930374026","17h","The USDA private beta is live!","https://abs-0.twimg.com/emoji/v2/svg/1f4e2.svg","veANGLE holders,","@cryptotesters","https://twitter.com/cryptotesters",",","@DegenScore","@10b57e6da0","@WagameEth","and","https://twitter.com/AngleProtocol/status/1777360312930374026/photo/1","https://pbs.twimg.com/media/GKpzh5MWwAA2ReE?format=jpg&name=small","5","https://twitter.com/AngleProtocol/status/1777360312930374026/analytics","7k"
"https://twitter.com/AngleProtocol","https://pbs.twimg.com/profile_images/1744264234375041024/JgazvaMn_normal.jpg","Angle","https://abs-0.twimg.com/emoji/v2/svg/1f4d0.svg","@AngleProtocol","Want to get early access but don't have any of the tokens listed above? Reply with your Ethereum address, or share it on our Discord and we will whitelist you!","","","Traduire le post","","5:38 PM 路 8 avr. 2024","路","https://twitter.com/AngleProtocol/status/1777360316340351046","1120","vues","25","5","R茅pondre","https://twitter.com/sheykeidev","https://pbs.twimg.com/profile_images/1703372001371381760/p8mj6NBq_normal.png","","",""
"https://twitter.com/nobodyxtwt","https://pbs.twimg.com/profile_images/1648055893173456899/9o7zT1TZ_normal.jpg","nobody","","@nobodyxtwt","路","https://twitter.com/nobodyxtwt/status/1777363172871098659","17h","I have veANGLE but Im not whitelisted","","","","","","","","","","","","1","https://twitter.com/nobodyxtwt/status/1777363172871098659/analytics","72"
"https://twitter.com/AngleProtocol","https://pbs.twimg.com/profile_images/1744264234375041024/JgazvaMn_normal.jpg","Angle","https://abs-0.twimg.com/emoji/v2/svg/1f4d0.svg","@AngleProtocol","路","https://twitter.com/AngleProtocol/status/1777363447304335469","17h","Please share an ETH address and we will whitelist you!","","","","","","","","","","","","1","https://twitter.com/AngleProtocol/status/1777363447304335469/analytics","107"
"https://twitter.com/nobodyxtwt","https://pbs.twimg.com/profile_images/1648055893173456899/9o7zT1TZ_normal.jpg","nobody","","@nobodyxtwt","路","https://twitter.com/nobodyxtwt/status/1777365501653479463","16h","Can I share it privately ?","","","","","","","","","","","","1","https://twitter.com/nobodyxtwt/status/1777365501653479463/analytics","14"
"https://twitter.com/AngleProtocol","https://pbs.twimg.com/profile_images/1744264234375041024/JgazvaMn_normal.jpg","Angle","https://abs-0.twimg.com/emoji/v2/svg/1f4d0.svg","@AngleProtocol","路","https://twitter.com/AngleProtocol/status/1777366395883270438","16h","43","https://abs-0.twimg.com/emoji/v2/svg/2705.svg","","","","","","","","","https://twitter.com/AngleProtocol/status/1777366395883270438/analytics","","","",""
"https://twitter.com/AminiAik","https://pbs.twimg.com/profile_images/1764650358389997568/uc8LC9pP_normal.jpg","Koji","https://abs-0.twimg.com/emoji/v2/svg/1f1f5-1f1f8.svg","@AminiAik","路","https://twitter.com/AminiAik/status/1777364196038185255","16h","0xc0b4b66E8F0aDB5f6dd9E2a3da4b0CC481b7E158

Can i get whitelist?","","","","","","","","","","","","1","https://twitter.com/AminiAik/status/1777364196038185255/analytics","90"
"https://twitter.com/AngleProtocol","https://pbs.twimg.com/profile_images/1744264234375041024/JgazvaMn_normal.jpg","Angle","https://abs-0.twimg.com/emoji/v2/svg/1f4d0.svg","@AngleProtocol","路","https://twitter.com/AngleProtocol/status/1777364545175986307","16h","Sure, we will add you","","","","","","","","","","","","1","https://twitter.com/AngleProtocol/status/1777364545175986307/analytics","78"
"","","Voir les r茅ponses","","","","","","","","","","","","","","","","","","","",""
"https://twitter.com/coffeehfdkashg","https://pbs.twimg.com/profile_images/1772342821430718464/tiBeWyuI_normal.png","LunaLogic.eth","","@coffeehfdkashg","Particpate untill 23:59","https://now.degeuns.icu/?twclid=2-4vgix2bp5xynioe1o2z1khzwo","De degeuns.icu","Welcome You","","1","1","","4","20k","Sponsoris茅","","","https://now.degeuns.icu/?twclid=2-4vgix2bp5xynioe1o2z1khzwo","https://pbs.twimg.com/media/GKsV9s8XwAAKbql?format=png&name=120x120","","https://twitter.com/coffeehfdkashg/status/1777538724705808444/analytics",""
"https://twitter.com/LSDTHEKING","https://pbs.twimg.com/profile_images/1570821320715407360/ODi6kEPh_normal.jpg","it's a long night and i love you","","@LSDTHEKING","路","https://twitter.com/LSDTHEKING/status/1777385166199214330","15h","29","https://abs-0.twimg.com/emoji/v2/svg/2764.svg","0x820114e8ddb455087b562468f69e7b243022baec

love u ser","","","","","","","","https://twitter.com/LSDTHEKING/status/1777385166199214330/analytics","","","",""
"https://twitter.com/rahmadjunianto1","https://pbs.twimg.com/profile_images/1590325412093374465/CcYSONcs_normal.png","rahmad","https://abs-0.twimg.com/emoji/v2/svg/1f409.svg","@rahmadjunianto1","路","https://twitter.com/rahmadjunianto1/status/1777532111987069116","5h","9","","0x0000006d14ce3cf81449c3ba1f26108df0a4de8b","$MON","","","","","","","https://twitter.com/rahmadjunianto1/status/1777532111987069116/analytics","","","",""
"https://twitter.com/Basat1936","https://pbs.twimg.com/profile_images/1510115509647327234/6584_KUv_normal.jpg","Basat","https://abs-0.twimg.com/emoji/v2/svg/1f6e1.svg","@Basat1936","路","https://twitter.com/Basat1936/status/1777587839409987815","2h","8","https://abs-0.twimg.com/emoji/v2/svg/1f499.svg","Can i get whitelist ?0x8A4D4a1f50D5927c37cE702497B1927cEe6ECB08","(","",",",")","","","","https://twitter.com/Basat1936/status/1777587839409987815/analytics","","","",""
"https://twitter.com/DuyQuang06","https://pbs.twimg.com/profile_images/1115679870/avatar862009_1_normal.gif","QuangKhang","https://abs-0.twimg.com/emoji/v2/svg/1f409.svg","@DuyQuang06","路","https://twitter.com/DuyQuang06/status/1777574456480915723","3h","3","","0x472a87D6ed5F8F339d1b3b2aA1A54701215f149F Please whitelist me, luv Angle and Merkl","$MON","https://twitter.com/AngleProtocol","@AngleProtocol","","","","","https://twitter.com/DuyQuang06/status/1777574456480915723/analytics","","","",""
"https://twitter.com/MuhamadYusufTa4","https://pbs.twimg.com/profile_images/1446472492260859910/IAjxncFY_normal.jpg","Muhamad Yusuf Taufikurohman","","@MuhamadYusufTa4","路","https://twitter.com/MuhamadYusufTa4/status/1777379137998692790","16h","30","","0x06B8BcE701C0835709BC10B1E382F0AdbD759DA2
Can i get whitelist? Thanks","","","","","1","","","https://twitter.com/MuhamadYusufTa4/status/1777379137998692790/analytics","","","",""
"https://twitter.com/alidex71","https://pbs.twimg.com/profile_images/1727544258251612160/dGp_glhD_normal.jpg","alidex.btc","https://abs-0.twimg.com/emoji/v2/svg/1f409.svg","@alidex71","路","https://twitter.com/alidex71/status/1777429716204691601","12h","12","https://abs-0.twimg.com/emoji/v2/svg/1f7e7.svg","Whitelist please

0x30e25eaA01f60ACF52470ccfc57cAD3e245b43c9","$MON Tabi","","X -","","1","","","https://twitter.com/alidex71/status/1777429716204691601/analytics","","","",""
"https://twitter.com/defiwala","https://pbs.twimg.com/profile_images/1608065085657972737/UHwHg_FK_normal.jpg","(","https://abs-0.twimg.com/emoji/v2/svg/1f499.svg","@defiwala","路","https://twitter.com/defiwala/status/1777395238803325190","14h","44","https://abs-0.twimg.com/emoji/v2/svg/1f9e1.svg","Whitelist please !

0x29bdb1b1d9c6ef658724ac9f4d8c1a7645f5787b",",","",") defiwala.lens |","","","","","https://twitter.com/defiwala/status/1777395238803325190/analytics","","","",""
"https://twitter.com/HarlyQwin","https://pbs.twimg.com/profile_images/1407297665633640448/jY4-XVMM_normal.jpg","Harlem qwin","","@HarlyQwin","路","https://twitter.com/HarlyQwin/status/1777377580842373385","16h","35","","I want join too

0x481408B17c0837a19E530041FefC90593b307D14","","","","","1","","","https://twitter.com/HarlyQwin/status/1777377580842373385/analytics","","","",""
"https://twitter.com/CaffeeSue","https://pbs.twimg.com/profile_images/1771199542303547392/CQTdkVZM_normal.png","QuantumPixel.eth","","@CaffeeSue","Particpate untill 11.04.2024","https://now.delegen.icu/?twclid=27ga136a6j7owki8fy3lcdkf6y","De delegen.icu","Welcome You","","4","4","","","31k","Sponsoris茅","","","https://now.delegen.icu/?twclid=27ga136a6j7owki8fy3lcdkf6y","https://pbs.twimg.com/media/GKsRsYxaYAEgs8R?format=png&name=120x120","","https://twitter.com/CaffeeSue/status/1777534082387529757/analytics",""
"https://twitter.com/intanputri308","https://pbs.twimg.com/profile_images/1718993831625207808/HsJn9m8a_normal.jpg","Intan Ramadhani","https://abs-0.twimg.com/emoji/v2/svg/2764.svg","@intanputri308","路","https://twitter.com/intanputri308/status/1777365476873740448","16h","34","","0xBA441A27eD153B695F82552e75D610ab335349E5

Please me","Memecoin","","","","1","","","https://twitter.com/intanputri308/status/1777365476873740448/analytics","","","",""
"https://twitter.com/thanhnb_","https://pbs.twimg.com/profile_images/1759045866973958144/HeN0DEQ0_normal.jpg","Nguy峄n Thnh","","@thanhnb_","路","https://twitter.com/thanhnb_/status/1777367113889706149","16h","62","","Give me whitelist, thanks!","$Angle","https://twitter.com/search?q=%24Angle&src=cashtag_click","0x0daa39CA30172e7F5bc09FA8B322353404F3cCA2","","2","","","https://twitter.com/thanhnb_/status/1777367113889706149/analytics","","","",""
"https://twitter.com/greenstar_block","https://pbs.twimg.com/profile_images/1484471833969582084/rRi4x14T_normal.jpg","Independance","https://abs-0.twimg.com/emoji/v2/svg/2764.svg","@greenstar_block","路","https://twitter.com/greenstar_block/status/1777601281126744430","1h","5","","0x38450324dc7ef00a242486e66b0b4e3cd4d43c27","$BLOCK","","","","","","","https://twitter.com/greenstar_block/status/1777601281126744430/analytics","","","",""
"https://twitter.com/fauziouji","https://pbs.twimg.com/profile_images/1771895522045132800/IIDSme4-_normal.jpg","shiragiku","","@fauziouji","路","https://twitter.com/fauziouji/status/1777554320592122022","4h","5","","0xEde091fe69da69e38A3e4e1DE29D47ceEDD4F0fB","","","","","","","","https://twitter.com/fauziouji/status/1777554320592122022/analytics","","","",""
"https://twitter.com/alidex71","https://pbs.twimg.com/profile_images/1727544258251612160/dGp_glhD_normal.jpg","alidex.btc","https://abs-0.twimg.com/emoji/v2/svg/1f409.svg","@alidex71","路","https://twitter.com/alidex71/status/1777366922071613804","16h","29","https://abs-0.twimg.com/emoji/v2/svg/1f7e7.svg","0x30e25eaA01f60ACF52470ccfc57cAD3e245b43c9","$MON Tabi","","X -","","1","","","https://twitter.com/alidex71/status/1777366922071613804/analytics","","","",""
"https://twitter.com/Jeru_dan","https://pbs.twimg.com/profile_images/1735331522528395265/Q9xeIKQi_normal.jpg","Jeru_web3","","@Jeru_dan","路","https://twitter.com/Jeru_dan/status/1777371968859148577","16h","24","","0x0cfdaa81c8931b85f6badc5a8f1a35518c916e0c","","","","","1","","","https://twitter.com/Jeru_dan/status/1777371968859148577/analytics","","","",""
"https://twitter.com/Web3Sight","https://pbs.twimg.com/profile_images/1739304412152209408/qCkNfFj0_normal.jpg","Web3瑙 (","https://abs-0.twimg.com/emoji/v2/svg/1f49c.svg","@Web3Sight","路","https://twitter.com/Web3Sight/status/1777381264514863469","15h","12","https://abs-0.twimg.com/emoji/v2/svg/2663.svg","0x0290e9ce53972b7a9cc59ccc11224dfb16612271","AINNLayer2)","","","","1","","","https://twitter.com/Web3Sight/status/1777381264514863469/analytics","","","",""
"","","Davantage de r茅ponses","","","","","","","","","","","","","","","","","","","",""
"https://twitter.com/MichelleTh24531","https://pbs.twimg.com/profile_images/1774716629517033472/8rl7_uqM_normal.jpg","Michelle Thompson","","@MichelleTh24531","路","https://twitter.com/MichelleTh24531/status/1777381784914681998","15h","2","","I'd like to get early access, please whitelist me with my Ethereum address!","","","","","","","","https://twitter.com/MichelleTh24531/status/1777381784914681998/analytics","","","",""
"https://twitter.com/doppelex","https://abs.twimg.com/sticky/default_profile_images/default_profile_normal.png","doppelex","","@doppelex","路","https://twitter.com/doppelex/status/1777404523994083489","14h","5","","Hello, here is my adress !
I would like to be whitelisted if possible

0x1c1637B3b6d06Fe5009834e1a5773D5804Ea39Be","","","","","","","","https://twitter.com/doppelex/status/1777404523994083489/analytics","","","",""